primaryid,year,age,sex,drugs,indication_group,indication_pt,serious,death,life_threat,hospitalization
160789922,2022,14.0,M,Exenatide,diabetes,TYPE 2 DIABETES MELLITUS,1,0,0,1
216978401,2022,14.0,M,Exenatide,diabetes,DIABETES MELLITUS,1,0,0,1
217167002,2022,14.0,M,Exenatide,diabetes,TYPE 2 DIABETES MELLITUS,1,0,0,1
222208471,2023,16.0,F,Liraglutide,weight,WEIGHT CONTROL|POLYCYSTIC OVARIES,0,0,0,0
223290381,2023,13.0,M,Liraglutide,weight,OBESITY,0,0,0,0
228711871,2023,14.0,F,Semaglutide,weight,OBESITY|TYPE 2 DIABETES MELLITUS,1,0,1,0
232945761,2023,17.0,F,Dulaglutide,diabetes,TYPE 2 DIABETES MELLITUS,1,0,0,1
245264031,2024,11.0,F,Semaglutide,weight,OBESITY,1,0,1,0
247172891,2024,15.0,F,Semaglutide,weight,GLUCOSE TOLERANCE IMPAIRED|OBESITY,1,0,0,1
248121761,2025,16.0,F,Semaglutide,weight,WEIGHT INCREASED,1,1,0,0
249528781,2025,17.0,,Semaglutide,unknown,PRODUCT USED FOR UNKNOWN INDICATION,0,0,0,0
252682991,2025,1.111567419575633,M,Semaglutide,weight,WEIGHT DECREASED|TYPE 2 DIABETES MELLITUS,1,0,0,1
253885003,2025,15.0,F,Liraglutide,weight,OBESITY,1,0,1,1
255835381,2025,16.0,F,Semaglutide,weight,OBESITY,1,0,1,1
256305691,2025,17.0,F,Semaglutide,unknown,PRODUCT USED FOR UNKNOWN INDICATION,0,0,0,0
256674142,2025,14.0,F,Semaglutide,unknown,PRODUCT USED FOR UNKNOWN INDICATION,0,0,0,0
256765531,2025,14.0,F,Semaglutide,special,INTENTIONAL SELF-INJURY,0,0,0,0
260258221,2025,17.0,F,Semaglutide,weight,OBESITY,1,0,1,1
260936821,2025,16.0,M,Setmelanotide,syndrome,LAURENCE-MOON-BARDET-BIEDL SYNDROME,1,0,0,1
266734911,2026,13.0,F,Semaglutide,unknown,PRODUCT USED FOR UNKNOWN INDICATION,0,0,0,0
