stratum,drug,event_group,a,b,c,d,ror,lo,hi,haldane,signal
pediatric,Semaglutide,Suicidality,0,14,2901,196485,2.335,0.139,39.156,True,False
pediatric,Semaglutide,Depression,2,12,1498,197888,22.017,4.923,98.46,False,True
pediatric,Semaglutide,Anxiety,0,14,1766,197620,3.858,0.23,64.695,True,False
pediatric,Semaglutide,Eating disorder,0,14,205,199181,33.423,1.987,562.163,True,True
pediatric,Semaglutide,Psychosis,0,14,708,198678,9.67,0.576,162.261,True,False
pediatric,Liraglutide,Suicidality,0,23,2901,196476,1.441,0.087,23.727,True,False
pediatric,Liraglutide,Depression,0,23,1500,197877,2.806,0.17,46.217,True,False
pediatric,Liraglutide,Anxiety,0,23,1766,197611,2.38,0.145,39.202,True,False
pediatric,Liraglutide,Eating disorder,0,23,205,199172,20.621,1.248,340.652,True,True
pediatric,Liraglutide,Psychosis,2,21,706,198671,26.8,6.272,114.517,False,True
pediatric,Tirzepatide,Suicidality,0,62,2901,196437,0.542,0.033,8.758,True,False
pediatric,Tirzepatide,Depression,1,61,1499,197839,2.164,0.3,15.618,False,False
pediatric,Tirzepatide,Anxiety,2,60,1764,197574,3.733,0.912,15.286,False,False
pediatric,Tirzepatide,Eating disorder,1,61,204,199134,16.002,2.208,115.99,False,True
pediatric,Tirzepatide,Psychosis,0,62,708,198630,2.243,0.139,36.294,True,False
pediatric,Exenatide,Suicidality,1,0,2900,196499,203.24,8.277,4990.371,True,True
pediatric,Exenatide,Depression,1,0,1499,197900,395.933,16.122,9723.635,True,True
pediatric,Exenatide,Anxiety,0,1,1766,197633,37.293,1.519,915.812,True,True
pediatric,Exenatide,Eating disorder,0,1,205,199194,323.105,13.123,7955.09,True,True
pediatric,Exenatide,Psychosis,0,1,708,198691,93.48,3.805,2296.779,True,True
pediatric,Dulaglutide,Suicidality,0,29,2901,196470,1.148,0.07,18.788,True,False
pediatric,Dulaglutide,Depression,0,29,1500,197871,2.235,0.137,36.598,True,False
pediatric,Dulaglutide,Anxiety,0,29,1766,197605,1.896,0.116,31.043,True,False
pediatric,Dulaglutide,Eating disorder,0,29,205,199166,16.427,1.0,269.753,True,True
pediatric,Dulaglutide,Psychosis,0,29,708,198663,4.753,0.29,77.859,True,False
pediatric,Lixisenatide,Suicidality,0,0,2901,196499,67.723,1.343,3413.875,True,True
pediatric,Lixisenatide,Depression,0,0,1500,197900,131.89,2.616,6649.487,True,True
pediatric,Lixisenatide,Anxiety,0,0,1766,197634,111.879,2.219,5640.337,True,True
pediatric,Lixisenatide,Eating disorder,0,0,205,199195,969.321,19.187,48970.931,True,True
pediatric,Lixisenatide,Psychosis,0,0,708,198692,280.441,5.56,14144.168,True,True
pediatric,Setmelanotide,Suicidality,2,58,2899,196441,2.337,0.57,9.572,False,False
pediatric,Setmelanotide,Depression,2,58,1498,197842,4.554,1.111,18.664,False,True
pediatric,Setmelanotide,Anxiety,3,57,1763,197577,5.898,1.845,18.852,False,True
pediatric,Setmelanotide,Eating disorder,0,60,205,199135,8.009,0.494,129.95,True,False
pediatric,Setmelanotide,Psychosis,0,60,708,198632,2.317,0.143,37.507,True,False
pediatric,GLP1-class(all),Suicidality,3,185,2898,196314,1.099,0.351,3.439,False,False
pediatric,GLP1-class(all),Depression,6,182,1494,197718,4.363,1.932,9.855,False,True
pediatric,GLP1-class(all),Anxiety,5,183,1761,197451,3.064,1.258,7.458,False,True
pediatric,GLP1-class(all),Eating disorder,1,187,204,199008,5.217,0.727,37.408,False,False
pediatric,GLP1-class(all),Psychosis,2,186,706,198506,3.023,0.749,12.203,False,False
