yr,sema,lira,tirz,exen,dula,lixi,setm,glp_any
2012,0.0,2.0,0.0,0.0,0.0,0.0,0.0,2.0
2013,0.0,5.0,0.0,0.0,0.0,0.0,0.0,5.0
2014,0.0,3.0,0.0,2.0,0.0,0.0,0.0,5.0
2015,0.0,3.0,0.0,2.0,1.0,0.0,0.0,6.0
2016,0.0,5.0,0.0,1.0,2.0,0.0,0.0,8.0
2017,0.0,4.0,0.0,1.0,6.0,0.0,0.0,11.0
2018,0.0,3.0,0.0,7.0,4.0,1.0,0.0,14.0
2019,0.0,2.0,0.0,3.0,2.0,0.0,0.0,7.0
2020,0.0,4.0,0.0,1.0,7.0,0.0,1.0,12.0
2021,3.0,6.0,0.0,0.0,7.0,0.0,11.0,27.0
2022,8.0,9.0,3.0,4.0,4.0,1.0,4.0,33.0
2023,14.0,16.0,3.0,1.0,3.0,0.0,12.0,48.0
2024,35.0,10.0,13.0,1.0,13.0,0.0,11.0,83.0
2025,76.0,18.0,27.0,0.0,10.0,0.0,27.0,158.0
2026,82.0,7.0,23.0,0.0,3.0,0.0,7.0,121.0
