period,drug,event_group,N_total,N_drug,a,b,c,d,ROR,ROR_lo,ROR_hi,haldane,IC,IC025,IC975,signal_ROR
pre-2023,GLP1-class(all),Suicidality,409501,130,3,127,9370,400001,1.008,0.321,3.169,False,0.01,-2.234,1.01,False
pre-2023,GLP1-class(all),Depression,409501,130,3,127,4967,404404,1.923,0.612,6.045,False,0.752,-1.609,1.635,False
pre-2023,GLP1-class(all),Anxiety,409501,130,0,130,5270,404101,0.294,0.018,4.722,True,-2.12,-12.41,-0.09,False
pre-2023,GLP1-class(all),Eating disorder,409501,130,1,129,464,408907,6.832,0.953,48.971,False,1.212,-3.411,2.026,False
pre-2023,GLP1-class(all),Psychosis,409501,130,0,130,2763,406608,0.564,0.035,9.063,True,-1.462,-11.9,0.42,False
post-2023,GLP1-class(all),Suicidality,207359,410,17,393,3973,202976,2.21,1.359,3.595,False,1.061,0.21,1.581,True
post-2023,GLP1-class(all),Depression,207359,410,5,405,1401,205548,1.811,0.749,4.382,False,0.746,-0.986,1.536,False
post-2023,GLP1-class(all),Anxiety,207359,410,11,399,1943,205006,2.909,1.595,5.304,False,1.398,0.265,1.969,True
post-2023,GLP1-class(all),Eating disorder,207359,410,3,407,246,206703,6.194,1.976,19.417,False,1.818,-0.821,2.424,True
post-2023,GLP1-class(all),Psychosis,207359,410,0,410,880,206069,0.285,0.018,4.569,True,-2.163,-12.446,-0.125,False
