stratum,drug,event_group,a,b,c,d,ROR,ROR_lo,ROR_hi,haldane,IC,IC025,IC975,signal_ROR,signal_IC025
pediatric,GLP1-class(all),Suicidality,20,520,13343,602977,1.738,1.112,2.718,False,0.749,-0.01,1.254,True,False
pediatric,GLP1-class(all),Depression,8,532,6368,609952,1.44,0.716,2.896,False,0.483,-0.799,1.198,False,False
pediatric,GLP1-class(all),Anxiety,11,529,7213,609107,1.756,0.966,3.192,False,0.753,-0.326,1.378,False,False
pediatric,GLP1-class(all),Eating disorder,4,536,710,615610,6.471,2.413,17.351,False,2.0,-0.267,2.549,True,False
pediatric,GLP1-class(all),Psychosis,0,540,3643,612677,0.156,0.01,2.491,True,-2.883,-13.059,-0.738,False,False
pediatric,Semaglutide,Suicidality,12,206,13351,603291,2.632,1.47,4.712,False,1.259,0.197,1.828,True,True
pediatric,Semaglutide,Depression,2,216,6374,610268,0.887,0.22,3.568,False,-0.139,-2.969,0.98,False,False
pediatric,Semaglutide,Anxiety,4,214,7220,609422,1.578,0.587,4.243,False,0.56,-1.396,1.421,False,False
pediatric,Semaglutide,Eating disorder,2,216,712,615930,8.01,1.987,32.296,False,1.732,-1.591,2.357,True,False
pediatric,Semaglutide,Psychosis,0,218,3643,612999,0.385,0.024,6.176,True,-1.838,-12.186,0.135,False,False
pediatric,Liraglutide,Suicidality,3,94,13360,603403,1.441,0.457,4.551,False,0.428,-1.876,1.368,False,False
pediatric,Liraglutide,Depression,1,96,6375,610388,0.997,0.139,7.154,False,-0.003,-4.214,1.223,False,False
pediatric,Liraglutide,Anxiety,2,95,7222,609541,1.777,0.438,7.21,False,0.612,-2.362,1.587,False,False
pediatric,Liraglutide,Eating disorder,1,96,713,616050,9.0,1.253,64.638,False,1.293,-3.366,2.071,True,False
pediatric,Liraglutide,Psychosis,0,97,3643,613120,0.863,0.054,13.898,True,-1.101,-11.645,0.675,False,False
pediatric,Tirzepatide,Suicidality,0,69,13363,603428,0.325,0.02,5.246,True,-1.996,-12.311,0.01,False,False
pediatric,Tirzepatide,Depression,1,68,6375,610416,1.408,0.195,10.143,False,0.306,-3.989,1.448,False,False
pediatric,Tirzepatide,Anxiety,1,68,7223,609568,1.241,0.172,8.939,False,0.198,-4.067,1.37,False,False
pediatric,Tirzepatide,Eating disorder,1,68,713,616078,12.707,1.762,91.64,False,1.371,-3.323,2.114,True,False
pediatric,Tirzepatide,Psychosis,0,69,3643,613148,1.211,0.075,19.554,True,-0.86,-11.485,0.836,False,False
pediatric,Exenatide,Suicidality,3,20,13360,603477,6.776,2.013,22.804,False,1.81,-0.826,2.418,True,False
pediatric,Exenatide,Depression,3,20,6373,610464,14.368,4.269,48.366,False,2.246,-0.551,2.693,True,False
pediatric,Exenatide,Anxiety,0,23,7224,609613,1.795,0.109,29.562,True,-0.622,-11.336,0.985,False,False
pediatric,Exenatide,Eating disorder,0,23,714,616123,18.347,1.113,302.362,True,-0.075,-11.03,1.291,True,False
pediatric,Exenatide,Psychosis,0,23,3643,613194,3.581,0.217,58.967,True,-0.347,-11.176,1.145,False,False
pediatric,Dulaglutide,Suicidality,1,61,13362,603436,0.74,0.103,5.341,False,-0.297,-4.441,0.996,False,False
pediatric,Dulaglutide,Depression,0,62,6376,610422,0.766,0.047,12.382,True,-1.19,-11.706,0.614,False,False
pediatric,Dulaglutide,Anxiety,0,62,7224,609574,0.675,0.042,10.913,True,-1.294,-11.779,0.541,False,False
pediatric,Dulaglutide,Eating disorder,0,62,714,616084,6.898,0.426,111.624,True,-0.193,-11.092,1.229,False,False
pediatric,Dulaglutide,Psychosis,0,62,3643,613155,1.346,0.083,21.769,True,-0.793,-11.442,0.879,False,False
pediatric,Lixisenatide,Suicidality,0,2,13363,603495,9.032,0.434,188.15,True,-0.12,-11.053,1.268,False,False
pediatric,Lixisenatide,Depression,0,2,6376,610482,19.148,0.919,398.9,True,-0.058,-11.021,1.299,False,False
pediatric,Lixisenatide,Anxiety,0,2,7224,609634,16.877,0.81,351.585,True,-0.066,-11.025,1.295,False,False
pediatric,Lixisenatide,Eating disorder,0,2,714,616144,172.469,8.272,3595.797,True,-0.007,-10.995,1.325,True,False
pediatric,Lixisenatide,Psychosis,0,2,3643,613215,33.661,1.616,701.294,True,-0.034,-11.009,1.312,True,False
pediatric,Setmelanotide,Suicidality,1,72,13362,603425,0.627,0.087,4.514,False,-0.473,-4.58,0.857,False,False
pediatric,Setmelanotide,Depression,1,72,6375,610412,1.33,0.185,9.572,False,0.258,-4.023,1.414,False,False
pediatric,Setmelanotide,Anxiety,4,69,7220,609567,4.894,1.786,13.415,False,1.732,-0.458,2.358,True,False
pediatric,Setmelanotide,Eating disorder,0,73,714,616073,5.866,0.363,94.76,True,-0.225,-11.109,1.212,False,False
pediatric,Setmelanotide,Psychosis,0,73,3643,613144,1.145,0.071,18.48,True,-0.897,-11.509,0.812,False,False
