analysis,OR,lo,hi,p
"减重意向→持续悲伤/绝望 (全体, 校正)",1.6192386377402674,1.3846694586132366,1.8935448815176843,1.5777866164846712e-09
减重意向→持续悲伤/绝望 (限Normal),1.6816898683719907,1.3966965271883138,2.0248355733211465,4.0970304778239724e-08
减重意向→持续悲伤/绝望 (限Overweight),1.3980374412883243,0.9237185361819573,2.1159136800725618,0.11302958165124798
减重意向→持续悲伤/绝望 (限Obese),1.6204453364007128,0.8934727758425712,2.9389178487129293,0.11202321620555504
感知超重(实际正常)→持续悲伤/绝望,1.8613924869640555,1.5007120262611606,2.3087587291202762,1.5671838644579193e-08
"减重意向→认真考虑过自杀 (全体, 校正)",2.01824342485811,1.6684522509462272,2.4413683518200204,4.779406943412433e-13
减重意向→认真考虑过自杀 (限Normal),2.337729547916839,1.8385961618778948,2.9723653037661513,4.213286759283615e-12
减重意向→认真考虑过自杀 (限Overweight),1.0388592244027577,0.6444747656028756,1.674586105969769,0.8756361246363229
减重意向→认真考虑过自杀 (限Obese),1.2659698599642701,0.7042978399556457,2.275570923856426,0.43053090612056655
感知超重(实际正常)→认真考虑过自杀,2.3539139739271904,1.829688353698946,3.028335937892399,2.7355722519289773e-11
"减重意向→自杀未遂 (全体, 校正)",2.278710794813928,1.7494904356555185,2.968020162085614,1.0083757373516932e-09
减重意向→自杀未遂 (限Normal),2.820836790377119,1.9761435796210542,4.02659011217745,1.1209365770442084e-08
减重意向→自杀未遂 (限Overweight),1.2010128268733207,0.5689293862343272,2.535344183680723,0.6308800378778954
减重意向→自杀未遂 (限Obese),1.000000230614749,0.4063157259394559,2.461141416363881,0.9999995995584232
感知超重(实际正常)→自杀未遂,2.503057639220425,1.6706146540573552,3.750294857071587,8.676950420962427e-06
