sex,bmi,outcome,n,pct,lo,hi
Female,Normal,持续悲伤/绝望,3121,41.16810106056427,31.61365107195429,50.72255104917425
Female,Overweight,持续悲伤/绝望,732,46.744889397211885,37.913460270656415,55.57631852376736
Female,Obese,持续悲伤/绝望,627,54.25607647519007,41.82545755151586,66.68669539886429
Female,Normal,认真考虑过自杀,3112,16.64207464753277,12.254626242927857,21.029523052137684
Female,Overweight,认真考虑过自杀,729,17.71454662711048,12.764022829176003,22.665070425044952
Female,Obese,认真考虑过自杀,628,28.23345575855652,20.465138880667915,36.001772636445125
Female,Normal,自杀未遂,3082,6.971898751838845,4.837491019776988,9.106306483900703
Female,Overweight,自杀未遂,713,7.696535560902573,4.5065561935668645,10.886514928238283
Female,Obese,自杀未遂,622,12.835607710680897,8.916198248654746,16.755017172707046
Male,Normal,持续悲伤/绝望,3169,22.604844123993324,16.91217742669661,28.29751082129004
Male,Overweight,持续悲伤/绝望,669,25.769559108777273,18.98080251322625,32.558315704328294
Male,Obese,持续悲伤/绝望,941,28.27300964365127,20.387048740540397,36.15897054676214
Male,Normal,认真考虑过自杀,3159,10.200894619773464,7.125861674147775,13.275927565399156
Male,Overweight,认真考虑过自杀,667,10.650393249354623,6.894106542639205,14.406679956070043
Male,Obese,认真考虑过自杀,940,14.228525397378512,10.183141466877,18.273909327880023
Male,Normal,自杀未遂,3113,3.7753920490334263,2.484616682009031,5.066167416057821
Male,Overweight,自杀未遂,652,4.775099088335409,2.7329836888952657,6.817214487775552
Male,Obese,自杀未遂,928,8.093228296306103,5.2526437181103365,10.93381287450187
