outcome,term,OR,lo,hi,p
持续悲伤/绝望,Overweight,1.1881106625682076,1.007073429929941,1.401692175124178,0.04099623960192837
持续悲伤/绝望,Obese,1.4468667316813244,1.2271125339923399,1.7059750277632366,1.1074830397261098e-05
认真考虑过自杀,Overweight,1.079708174696567,0.8601720925489926,1.3552750113666283,0.5084439803087385
认真考虑过自杀,Obese,1.7455450767518006,1.4592150406333537,2.0880593539180965,1.1012400011667242e-09
制定自杀计划,Overweight,0.9340529638201901,0.7153482886965714,1.2196225992389977,0.6161948439722411
制定自杀计划,Obese,1.4442275836174445,1.1464965006679564,1.8192757780475437,0.0018044979837229086
自杀未遂,Overweight,1.1079420324675449,0.816444686824186,1.5035134248753497,0.5104945291132995
自杀未遂,Obese,1.974235853856505,1.4953162561447526,2.6065437265434364,1.6008064081047703e-06
需就医的自杀未遂,Overweight,0.9993091412175572,0.43478816612788207,2.296793789523823,0.9987013119706356
需就医的自杀未遂,Obese,1.6138087158061556,0.762540741255379,3.4153959654985733,0.21084687797463375
