bmi,outcome,n,pct,se,lo,hi
Normal,持续悲伤/绝望,6290,31.864869127562013,3.656098429705859,24.698916205338527,39.0308220497855
Normal,认真考虑过自杀,6271,13.411328326178342,1.7307628532660717,10.019033133776842,16.803623518579844
Normal,制定自杀计划,6105,11.997562797463313,1.8542587824321395,8.363215583896318,15.631910011030307
Normal,自杀未遂,6195,5.372672628549441,0.7817537342894729,3.840435309342074,6.904909947756807
Normal,需就医的自杀未遂,5160,1.289966099588642,0.29175719235282094,0.718122002577113,1.861810196600171
Overweight,持续悲伤/绝望,1401,36.22068781557516,3.121436678086621,30.10267192652539,42.33870370462494
Overweight,认真考虑过自杀,1396,14.167053264158131,1.6770967118273548,10.879943708976516,17.454162819339746
Overweight,制定自杀计划,1359,11.194200371638217,1.3925287471733916,8.46484402717837,13.923556716098066
Overweight,自杀未遂,1365,6.233442509415086,0.9965324161831849,4.280238973696044,8.186646045134129
Overweight,需就医的自杀未遂,1079,1.3643475612883431,0.488049068719823,0.4077713865974901,2.320923735979196
Obese,持续悲伤/绝望,1568,37.861046293157344,4.324505177640866,29.385016144981247,46.337076441333444
Obese,认真考虑过自杀,1568,19.391617085695323,2.2184151014605638,15.043523486832616,23.73971068455803
Obese,制定自杀计划,1528,15.181229248231562,2.294138779329057,10.684717240746611,19.677741255716512
Obese,自杀未遂,1550,9.846633070360136,1.3795774734758208,7.142661222347528,12.550604918372747
Obese,需就医的自杀未遂,1262,1.9396653820323975,0.6546768975035382,0.6564986629254626,3.222832101139332
